Workbook
Name Slicer_Gender: #N/A
Name Slicer_Generation: #N/A
Name Slicer_Product_Category: #N/A

Sheet retail_sales_dataset
A1: Transaction ID | B1: Day | C1: Month | D1: Year | E1: Date | F1: Customer ID | G1: Gender | H1: Age | I1: Generation | J1: Product Category | K1: Quantity | L1: Price per Unit | M1: Sales | N1: Commision 2023
A2: 1 | B2: =VLOOKUP(A2,retail_sales_dataset!$1:$1048576, 13, ) -> 150 | C2: =MONTH(E2) -> 11 | D2: =YEAR(E2) -> 2023 | E2: 45254 | F2: CUST001 | G2: Male | H2: 34 | I2: {=_xlfn.IFS( H2<30,"Young Adult", H2<50,"Adult", H2>=50,"Senior" )} -> Adult | J2: Beauty | K2: 3 | L2: 50 | M2: =K2*L2 -> 150 | N2: =M2 * $Q$3 -> 2.25 | Q2: rate%
A3: 2 | B3: =DAY(E3) -> 27 | C3: =MONTH(E3) -> 2 | D3: =YEAR(E3) -> 2023 | E3: 44984 | F3: CUST002 | G3: Female | H3: 26 | I3: {=_xlfn.IFS( H3<30,"Young Adult", H3<50,"Adult", H3>=50,"Senior" )} -> Young Adult | J3: Clothing | K3: 2 | L3: 500 | M3: =K3*L3 -> 1000 | N3: =M3 * $Q$3 -> 15 | P3: Commision rate 2023 | Q3: 0.015
A4: 3 | B4: =DAY(E4) -> 13 | C4: =MONTH(E4) -> 1 | D4: =YEAR(E4) -> 2023 | E4: 44939 | F4: CUST003 | G4: Male | H4: 50 | I4: {=_xlfn.IFS( H4<30,"Young Adult", H4<50,"Adult", H4>=50,"Senior" )} -> Senior | J4: Electronics | K4: 1 | L4: 30 | M4: =K4*L4 -> 30 | N4: =M4 * $Q$3 -> 0.45
A5: 4 | B5: =DAY(E5) -> 21 | C5: =MONTH(E5) -> 5 | D5: =YEAR(E5) -> 2023 | E5: 45067 | F5: CUST004 | G5: Male | H5: 37 | I5: {=_xlfn.IFS( H5<30,"Young Adult", H5<50,"Adult", H5>=50,"Senior" )} -> Adult | J5: Clothing | K5: 1 | L5: 500 | M5: =K5*L5 -> 500 | N5: =M5 * $Q$3 -> 7.5
A6: 5 | B6: =DAY(E6) -> 6 | C6: =MONTH(E6) -> 5 | D6: =YEAR(E6) -> 2023 | E6: 45052 | F6: CUST005 | G6: Male | H6: 30 | I6: {=_xlfn.IFS( H6<30,"Young Adult", H6<50,"Adult", H6>=50,"Senior" )} -> Adult | J6: Beauty | K6: 2 | L6: 50 | M6: =K6*L6 -> 100 | N6: =M6 * $Q$3 -> 1.5
A7: 6 | B7: =DAY(E7) -> 25 | C7: =MONTH(E7) -> 4 | D7: =YEAR(E7) -> 2023 | E7: 45041 | F7: CUST006 | G7: Female | H7: 45 | I7: {=_xlfn.IFS( H7<30,"Young Adult", H7<50,"Adult", H7>=50,"Senior" )} -> Adult | J7: Beauty | K7: 1 | L7: 30 | M7: =K7*L7 -> 30 | N7: =M7 * $Q$3 -> 0.45
A8: 7 | B8: =DAY(E8) -> 13 | C8: =MONTH(E8) -> 3 | D8: =YEAR(E8) -> 2023 | E8: 44998 | F8: CUST007 | G8: Male | H8: 46 | I8: {=_xlfn.IFS( H8<30,"Young Adult", H8<50,"Adult", H8>=50,"Senior" )} -> Adult | J8: Clothing | K8: 2 | L8: 25 | M8: =K8*L8 -> 50 | N8: =M8 * $Q$3 -> 0.75 | Q8: Total Sales | R8: Quantity | T8: Average Sales
A9: 8 | B9: =DAY(E9) -> 22 | C9: =MONTH(E9) -> 2 | D9: =YEAR(E9) -> 2023 | E9: 44979 | F9: CUST008 | G9: Male | H9: 30 | I9: {=_xlfn.IFS( H9<30,"Young Adult", H9<50,"Adult", H9>=50,"Senior" )} -> Adult | J9: Electronics | K9: 4 | L9: 25 | M9: =K9*L9 -> 100 | N9: =M9 * $Q$3 -> 1.5 | P9: All products | Q9: =SUM(M:M) -> 456000 | R9: Female | S9: Male | T9: =AVERAGE(M:M) -> 456
A10: 9 | B10: =DAY(E10) -> 13 | C10: =MONTH(E10) -> 12 | D10: =YEAR(E10) -> 2023 | E10: 45273 | F10: CUST009 | G10: Male | H10: 63 | I10: {=_xlfn.IFS( H10<30,"Young Adult", H10<50,"Adult", H10>=50,"Senior" )} -> Senior | J10: Electronics | K10: 2 | L10: 300 | M10: =K10*L10 -> 600 | N10: =M10 * $Q$3 -> 9 | P10: Clothing | Q10: =SUMIF(J:J, P10, M:M) -> 155580 | R10: =SUMIFS(K:K, G:G, "Female", J:J, "Clothing") -> 441 | S10: =SUMIFS(K:K, G:G, $S$9, J:J, P10) -> 453 | T10: =AVERAGEIF(J:J,P10,M:M) -> 443.24786
A11: 10 | B11: =DAY(E11) -> 7 | C11: =MONTH(E11) -> 10 | D11: =YEAR(E11) -> 2023 | E11: 45206 | F11: CUST010 | G11: Female | H11: 52 | I11: {=_xlfn.IFS( H11<30,"Young Adult", H11<50,"Adult", H11>=50,"Senior" )} -> Senior | J11: Clothing | K11: 4 | L11: 50 | M11: =K11*L11 -> 200 | N11: =M11 * $Q$3 -> 3 | P11: Electronics | Q11: =SUMIF(J:J, "Electronics", M:M) -> 156905 | R11: =SUMIFS(K:K, G:G, "Female", J:J, "Electronics") -> 439 | S11: =SUMIFS(K:K, G:G, $S$9, J:J, P11) -> 410 | T11: =AVERAGEIF(J:J,P11,M:M) -> 458.78655
A12: 11 | B12: =DAY(E12) -> 14 | C12: =MONTH(E12) -> 2 | D12: =YEAR(E12) -> 2023 | E12: 44971 | F12: CUST011 | G12: Male | H12: 23 | I12: {=_xlfn.IFS( H12<30,"Young Adult", H12<50,"Adult", H12>=50,"Senior" )} -> Young Adult | J12: Clothing | K12: 2 | L12: 50 | M12: =K12*L12 -> 100 | N12: =M12 * $Q$3 -> 1.5 | P12: Beauty | Q12: =SUMIF(J:J,J2, M:M) -> 143515 | R12: =SUMIFS(K:K, J:J, "Beauty", G:G, "Female") -> 418 | S12: =SUMIFS(K:K, G:G, $S$9, J:J, P12) -> 353 | T12: =AVERAGEIF(J:J,P12,M:M) -> 467.47557
A13: 12 | B13: =DAY(E13) -> 30 | C13: =MONTH(E13) -> 10 | D13: =YEAR(E13) -> 2023 | E13: 45229 | F13: CUST012 | G13: Male | H13: 35 | I13: {=_xlfn.IFS( H13<30,"Young Adult", H13<50,"Adult", H13>=50,"Senior" )} -> Adult | J13: Beauty | K13: 3 | L13: 25 | M13: =K13*L13 -> 75 | N13: =M13 * $Q$3 -> 1.125
A14: 13 | B14: =DAY(E14) -> 5 | C14: =MONTH(E14) -> 8 | D14: =YEAR(E14) -> 2023 | E14: 45143 | F14: CUST013 | G14: Male | H14: 22 | I14: {=_xlfn.IFS( H14<30,"Young Adult", H14<50,"Adult", H14>=50,"Senior" )} -> Young Adult | J14: Electronics | K14: 3 | L14: 500 | M14: =K14*L14 -> 1500 | N14: =M14 * $Q$3 -> 22.5
A15: 14 | B15: =DAY(E15) -> 17 | C15: =MONTH(E15) -> 1 | D15: =YEAR(E15) -> 2023 | E15: 44943 | F15: CUST014 | G15: Male | H15: 64 | I15: {=_xlfn.IFS( H15<30,"Young Adult", H15<50,"Adult", H15>=50,"Senior" )} -> Senior | J15: Clothing | K15: 4 | L15: 30 | M15: =K15*L15 -> 120 | N15: =M15 * $Q$3 -> 1.8
A16: 15 | B16: =DAY(E16) -> 16 | C16: =MONTH(E16) -> 1 | D16: =YEAR(E16) -> 2023 | E16: 44942 | F16: CUST015 | G16: Female | H16: 42 | I16: {=_xlfn.IFS( H16<30,"Young Adult", H16<50,"Adult", H16>=50,"Senior" )} -> Adult | J16: Electronics | K16: 4 | L16: 500 | M16: =K16*L16 -> 2000 | N16: =M16 * $Q$3 -> 30
A17: 16 | B17: =DAY(E17) -> 17 | C17: =MONTH(E17) -> 2 | D17: =YEAR(E17) -> 2023 | E17: 44974 | F17: CUST016 | G17: Male | H17: 19 | I17: {=_xlfn.IFS( H17<30,"Young Adult", H17<50,"Adult", H17>=50,"Senior" )} -> Young Adult | J17: Clothing | K17: 3 | L17: 500 | M17: =K17*L17 -> 1500 | N17: =M17 * $Q$3 -> 22.5
A18: 17 | B18: =DAY(E18) -> 22 | C18: =MONTH(E18) -> 4 | D18: =YEAR(E18) -> 2023 | E18: 45038 | F18: CUST017 | G18: Female | H18: 27 | I18: {=_xlfn.IFS( H18<30,"Young Adult", H18<50,"Adult", H18>=50,"Senior" )} -> Young Adult | J18: Clothing | K18: 4 | L18: 25 | M18: =K18*L18 -> 100 | N18: =M18 * $Q$3 -> 1.5
A19: 18 | B19: =DAY(E19) -> 30 | C19: =MONTH(E19) -> 4 | D19: =YEAR(E19) -> 2023 | E19: 45046 | F19: CUST018 | G19: Female | H19: 47 | I19: {=_xlfn.IFS( H19<30,"Young Adult", H19<50,"Adult", H19>=50,"Senior" )} -> Adult | J19: Electronics | K19: 2 | L19: 25 | M19: =K19*L19 -> 50 | N19: =M19 * $Q$3 -> 0.75
A20: 19 | B20: =DAY(E20) -> 16 | C20: =MONTH(E20) -> 9 | D20: =YEAR(E20) -> 2023 | E20: 45185 | F20: CUST019 | G20: Female | H20: 62 | I20: {=_xlfn.IFS( H20<30,"Young Adult", H20<50,"Adult", H20>=50,"Senior" )} -> Senior | J20: Clothing | K20: 2 | L20: 25 | M20: =K20*L20 -> 50 | N20: =M20 * $Q$3 -> 0.75
A21: 20 | B21: =DAY(E21) -> 5 | C21: =MONTH(E21) -> 11 | D21: =YEAR(E21) -> 2023 | E21: 45235 | F21: CUST020 | G21: Male | H21: 22 | I21: {=_xlfn.IFS( H21<30,"Young Adult", H21<50,"Adult", H21>=50,"Senior" )} -> Young Adult | J21: Clothing | K21: 3 | L21: 300 | M21: =K21*L21 -> 900 | N21: =M21 * $Q$3 -> 13.5
A22: 21 | B22: =DAY(E22) -> 14 | C22: =MONTH(E22) -> 1 | D22: =YEAR(E22) -> 2023 | E22: 44940 | F22: CUST021 | G22: Female | H22: 50 | I22: {=_xlfn.IFS( H22<30,"Young Adult", H22<50,"Adult", H22>=50,"Senior" )} -> Senior | J22: Beauty | K22: 1 | L22: 500 | M22: =K22*L22 -> 500 | N22: =M22 * $Q$3 -> 7.5
A23: 22 | B23: =DAY(E23) -> 15 | C23: =MONTH(E23) -> 10 | D23: =YEAR(E23) -> 2023 | E23: 45214 | F23: CUST022 | G23: Male | H23: 18 | I23: {=_xlfn.IFS( H23<30,"Young Adult", H23<50,"Adult", H23>=50,"Senior" )} -> Young Adult | J23: Clothing | K23: 2 | L23: 50 | M23: =K23*L23 -> 100 | N23: =M23 * $Q$3 -> 1.5
A24: 23 | B24: =DAY(E24) -> 12 | C24: =MONTH(E24) -> 4 | D24: =YEAR(E24) -> 2023 | E24: 45028 | F24: CUST023 | G24: Female | H24: 35 | I24: {=_xlfn.IFS( H24<30,"Young Adult", H24<50,"Adult", H24>=50,"Senior" )} -> Adult | J24: Clothing | K24: 4 | L24: 30 | M24: =K24*L24 -> 120 | N24: =M24 * $Q$3 -> 1.8
... A1001: 1000 | B1001: =DAY(E1001) -> 12 | C1001: =MONTH(E1001) -> 4 | D1001: =YEAR(E1001) -> 2023 | E1001: 45028 | F1001: CUST1000 | G1001: Male | H1001: 47 | I1001: {=_xlfn.IFS( H1001<30,"Young Adult", H1001<50,"Adult", H1001>=50,"Senior" )} -> Adult | J1001: Electronics | K1001: 4 | L1001: 30 | M1001: =K1001*L1001 -> 120 | N1001: =M1001 * $Q$3 -> 1.8

Sheet Transactions
A1: Transaction ID | B1: Total Sales | C1: Product category | D1: Concatenate
A2: 10 | B2: {=VLOOKUP(A2,retail_sales_dataset!A:N, COLUMN(retail_sales_dataset!M:M), FALSE)} -> 200 | C2: {=VLOOKUP(A2, retail_sales_dataset!A:N, COLUMN(retail_sales_dataset!J:J), FALSE)} -> Clothing | D2: =CONCATENATE(B2, " ", C2) -> 200 Clothing
A3: 15 | B3: =VLOOKUP(A3,retail_sales_dataset!A:N, 13, FALSE) -> 2000 | C3: {=VLOOKUP(A3, retail_sales_dataset!A:N, COLUMN(retail_sales_dataset!J:J), FALSE)} -> Electronics | D3: =CONCATENATE(B3," ", C3) -> 2000 Electronics
A4: 25 | B4: =VLOOKUP(A4,retail_sales_dataset!A:N, 13, FALSE) -> 50 | C4: {=VLOOKUP(A4, retail_sales_dataset!A:N, COLUMN(retail_sales_dataset!J:J), FALSE)} -> Beauty | D4: =CONCATENATE(B4," ", C4) -> 50 Beauty
A5: 30 | B5: =VLOOKUP(A5,retail_sales_dataset!A:N, 13, FALSE) -> 900 | C5: {=VLOOKUP(A5, retail_sales_dataset!A:N, COLUMN(retail_sales_dataset!J:J), FALSE)} -> Beauty | D5: =CONCATENATE(B5," ", C5) -> 900 Beauty
A6: 54 | B6: =VLOOKUP(A6,retail_sales_dataset!A:N, 13, FALSE) -> 1500 | C6: {=VLOOKUP(A6, retail_sales_dataset!A:N, COLUMN(retail_sales_dataset!J:J), FALSE)} -> Electronics | D6: =CONCATENATE(B6," ", C6) -> 1500 Electronics
A7: 55 | B7: =VLOOKUP(A7,retail_sales_dataset!A:N, 13, FALSE) -> 120 | C7: {=VLOOKUP(A7, retail_sales_dataset!A:N, COLUMN(retail_sales_dataset!J:J), FALSE)} -> Beauty | D7: =CONCATENATE(B7," ", C7) -> 120 Beauty
A8: 67 | B8: =VLOOKUP(A8,retail_sales_dataset!A:N, 13, FALSE) -> 1200 | C8: {=VLOOKUP(A8, retail_sales_dataset!A:N, COLUMN(retail_sales_dataset!J:J), FALSE)} -> Beauty | D8: =CONCATENATE(B8," ", C8) -> 1200 Beauty
A9: 89 | B9: =VLOOKUP(A9,retail_sales_dataset!A:N, 13, FALSE) -> 2000 | C9: {=VLOOKUP(A9, retail_sales_dataset!A:N, COLUMN(retail_sales_dataset!J:J), FALSE)} -> Electronics | D9: =CONCATENATE(B9," ", C9) -> 2000 Electronics
A10: 100 | B10: =VLOOKUP(A10,retail_sales_dataset!A:N, 13, FALSE) -> 30 | C10: {=VLOOKUP(A10, retail_sales_dataset!A:N, COLUMN(retail_sales_dataset!J:J), FALSE)} -> Electronics | D10: =CONCATENATE(B10," ", C10) -> 30 Electronics
A12: count(a2:a1) - number of cells that contain numbers
A13: =COUNT(A2:A10) -> 9 | B13: =COUNT(B2:B10) -> 9 | C13: =COUNT(C2:C10) -> 0 | D13: =COUNT(D2:D10) -> 0
A15: counta(a2:a10) - number of cells that are not empty
A16: =COUNTA(A2:A10) -> 9 | B16: =COUNTA(B2:B10) -> 9 | C16: =COUNTA(C2:C10) -> 9 | D16: =COUNTA(D2:D10) -> 9

Sheet Q1 Sales by Cateogry
A2: Product Category | B2: Sum of Sales
A3: Beauty | B3: 143515
A4: Clothing | B4: 155580
A5: Electronics | B5: 156905
A6: Grand Total | B6: 456000

Sheet Q2 Sales by Gender and Category
A2: Sum of Sales | B2: Gender
A3: Product Category | B3: Female | C3: Male | D3: Grand Total
A4: Beauty | B4: 0.16410088 | C4: 0.150625 | D4: 0.31472588
A5: Clothing | B5: 0.17823465 | C5: 0.16294956 | D5: 0.34118421
A6: Electronics | B6: 0.16827851 | C6: 0.1758114 | D6: 0.34408991
A7: Grand Total | B7: 0.51061404 | C7: 0.48938596 | D7: 1

Sheet Q3 Sales by Generation and Cat
A2: Sum of Sales | B2: Generation | C2: Gender
B3: Young Adult | D3: Young Adult Total | E3: Adult | G3: Adult Total | H3: Senior | J3: Senior Total | K3: Grand Total
A4: Product Category | B4: Female | C4: Male | E4: Female | F4: Male | H4: Female | I4: Male
A5: Electronics | B5: 19655 | C5: 15950 | D5: 35605 | E5: 30410 | F5: 28890 | G5: 59300 | H5: 26670 | I5: 35330 | J5: 62000 | K5: 156905
A6: Clothing | B6: 24220 | C6: 21930 | D6: 46150 | E6: 31970 | F6: 30390 | G6: 62360 | H6: 25085 | I6: 21985 | J6: 47070 | K6: 155580
A7: Beauty | B7: 19650 | C7: 21750 | D7: 41400 | E7: 35170 | F7: 32860 | G7: 68030 | H7: 20010 | I7: 14075 | J7: 34085 | K7: 143515
A8: Grand Total | B8: 63525 | C8: 59630 | D8: 123155 | E8: 97550 | F8: 92140 | G8: 189690 | H8: 71765 | I8: 71390 | J8: 143155 | K8: 456000
